user_id,auction_id,cat1,cat2,buy_mount,day,year,quarter,month,birthday,gender,age
513441334,19909384116,50008168,50010557,1,2012-12-12,2012,4,12,2011-01-05,1,1.94
377550424,15771663914,28,50015841,1,2012-11-23,2012,4,11,2011-06-20,1,1.43
47342027,14066344263,50008168,50013636,1,2012-09-11,2012,3,9,2010-10-08,1,1.93
119784861,20796936076,50008168,50140021,1,2012-11-29,2012,4,11,2012-03-27,0,0.68
159129426,15198386301,50008168,50013711,2,2012-08-08,2012,3,8,2010-08-25,0,1.96
275261625,23062392785,50008168,50010558,1,2013-06-10,2013,2,6,2010-05-25,0,3.05
20995405,36818435772,50008168,50013636,1,2014-07-31,2014,3,7,2011-11-14,0,2.71
504804896,36740523560,122650008,50012361,1,2014-11-18,2014,4,11,2010-02-20,0,4.75
669302326,8945822711,38,211122,6,2013-05-26,2013,2,5,2010-04-06,0,3.14
1027969540,37554024452,50008168,50012442,1,2014-03-26,2014,1,3,2013-02-28,0,1.07
419554296,37829194505,28,50024153,1,2014-12-31,2014,4,12,2012-07-09,1,2.48
717297456,18852684292,50014815,50008727,1,2013-10-18,2013,4,10,2013-06-12,1,0.35
874621830,26692404101,122650008,50012359,1,2013-11-25,2013,4,11,2010-12-20,1,2.93
711528325,15799901720,50008168,50012451,1,2014-02-28,2014,1,2,2010-11-14,1,3.29
56736746,13725195879,28,50008817,10,2013-01-05,2013,1,1,2012-11-05,1,0.17
91177545,38600977799,50008168,121466023,1,2014-10-29,2014,4,10,2010-02-03,0,4.74
136997100,35447551022,50008168,50013636,1,2013-11-11,2013,4,11,2013-01-13,1,0.83
707774847,35505954971,50008168,121472022,1,2014-12-30,2014,4,12,2011-03-31,0,3.75
161512438,36797644528,50014815,50012564,1,2014-04-09,2014,2,4,2013-03-04,0,1.1
2104818212,40553447811,28,121540027,1,2014-11-11,2014,4,11,2014-03-27,0,0.63
87659835,4600695918,28,50023732,1,2013-04-24,2013,2,4,2011-09-30,1,1.57
188799366,23990428301,50008168,50012451,1,2014-03-19,2014,1,3,2011-11-30,1,2.3
286307391,12277146635,50014815,50004457,1,2012-11-25,2012,4,11,2011-10-09,0,1.13
283250293,20261713153,50008168,50006602,1,2013-10-07,2013,4,10,2013-06-13,1,0.32
14905422,40739265133,50014815,50234023,1,2015-02-05,2015,1,2,2011-04-29,1,3.78
410823343,10682626256,50014815,50009541,1,2012-11-07,2012,4,11,2011-03-26,1,1.62
160688669,20803560636,50008168,50007012,1,2012-12-29,2012,4,12,2011-09-15,1,1.29
325249615,18350150733,50022520,50016706,1,2013-09-27,2013,3,9,2011-01-03,0,2.73
412025994,37347696228,28,50023670,1,2014-06-21,2014,2,6,2013-04-02,1,1.22
116466705,16949927732,50008168,50010549,1,2013-11-11,2013,4,11,2013-01-01,0,0.86
116466705,37893437620,50008168,50010558,1,2014-03-29,2014,1,3,2013-01-01,0,1.24
711496874,15079145376,50022520,50016704,1,2014-03-26,2014,1,3,2011-10-25,0,2.42
848302497,42258876583,50008168,50013636,1,2014-12-12,2014,4,12,2014-02-18,1,0.81
13802003,26680928161,50008168,121408024,2,2014-09-12,2014,3,9,2011-10-22,1,2.89
300031861,15556186232,50022520,50023632,1,2014-02-18,2014,1,2,2014-01-05,0,0.12
139924698,37310042870,122650008,50012361,1,2014-05-26,2014,2,5,2012-01-17,1,2.36
2230873305,36078196999,50014815,50009540,1,2014-11-05,2014,4,11,2012-02-01,0,2.76
426768576,13569192180,28,121540027,1,2014-03-26,2014,1,3,2013-04-01,1,0.98
72875105,14151218336,50014815,50009549,1,2012-09-17,2012,3,9,2012-08-02,0,0.13
106828323,19622521690,50014815,50012835,1,2014-06-15,2014,2,6,2014-02-01,0,0.37
775276242,37469217502,122650008,50012364,1,2014-04-16,2014,2,4,2011-02-01,0,3.21
50839954,19707779331,38,211122,6,2013-10-27,2013,4,10,2011-08-11,0,2.21
759253421,35139641534,50008168,121394024,1,2014-07-13,2014,3,7,2014-02-27,0,0.37
31036295,35401823936,50008168,50006602,1,2013-10-17,2013,4,10,2012-02-05,1,1.7
229463294,15226482483,50014815,50018831,1,2014-08-12,2014,3,8,2013-07-07,0,1.1
255635397,21825255344,50014815,50018831,1,2014-10-18,2014,4,10,2013-06-07,1,1.36
67170281,13973014432,50008168,50013711,1,2012-09-19,2012,3,9,2012-06-12,1,0.27
204505282,17968651336,50008168,50146022,1,2012-12-11,2012,4,12,2010-10-06,0,2.18
756621534,40519345896,50008168,121394024,1,2014-12-03,2014,4,12,2014-10-16,1,0.13
1017989581,35886834108,50008168,50006235,1,2014-12-01,2014,4,12,2014-08-04,1,0.33
13735440,18163455793,38,211122,6,2013-12-19,2013,4,12,2012-03-23,0,1.74
2114469016,38650644752,28,50023797,1,2014-08-09,2014,3,8,2014-04-16,0,0.32
842436337,19152924798,50008168,50013636,1,2013-10-15,2013,4,10,2011-10-16,1,2.0
807555311,40558883295,50008168,50010555,1,2014-11-11,2014,4,11,2014-02-13,1,0.74
12519465,18981655392,50014815,50018831,1,2013-09-10,2013,3,9,2013-07-05,1,0.18
112842020,40114158465,28,50006097,1,2014-09-10,2014,3,9,2010-11-25,0,3.79
51880578,25498040503,28,50023709,1,2013-08-07,2013,3,8,2011-01-07,0,2.58
191156136,22333639799,50022520,50012373,1,2013-10-16,2013,4,10,2013-04-15,0,0.5
124613323,15186722756,28,50006095,1,2012-07-02,2012,3,7,2011-04-20,1,1.2
250900287,22915764719,38,50018202,6,2014-04-26,2014,2,4,2013-07-08,1,0.8
72231900,18192190705,28,251725,1,2014-04-26,2014,2,4,2011-02-21,0,3.18
305489040,41627297374,50008168,50013636,1,2014-10-13,2014,4,10,2013-08-11,1,1.17
360647838,38913401898,50008168,50010555,1,2014-06-15,2014,2,6,2014-01-20,0,0.4
13503298,19381961259,50008168,50023886,1,2013-08-01,2013,3,8,2012-09-28,0,0.84
628367479,38794320798,28,50013177,1,2014-11-06,2014,4,11,2012-01-26,1,2.78
818864954,38028790160,50008168,50006602,4,2014-07-22,2014,3,7,2014-07-13,1,0.02
675579268,41428238718,28,50011993,1,2015-01-18,2015,1,1,2013-09-16,0,1.34
1081311286,41329247014,50008168,50013636,1,2014-11-03,2014,4,11,2013-10-31,0,1.01
17289460,17210154076,122650008,50012361,1,2013-03-07,2013,1,3,2010-12-11,1,2.24
904942807,41366623825,50008168,50013636,1,2014-11-03,2014,4,11,2010-11-05,0,4.0
779743331,36418774349,122650008,50012363,1,2014-10-21,2014,4,10,2013-09-12,1,1.11
722440556,43511676953,50008168,50013207,1,2015-01-20,2015,1,1,2014-10-03,1,0.3
357851268,22174892020,28,50023670,1,2013-08-02,2013,3,8,2012-06-21,1,1.12
172453374,17551736567,28,50013175,1,2013-04-05,2013,2,4,2013-02-06,1,0.16
703730908,15453877039,50008168,50012451,1,2012-08-20,2012,3,8,2010-05-02,0,2.3
793020597,20239214726,50008168,50013636,1,2013-12-04,2013,4,12,2012-04-27,0,1.61
726045779,20083542325,50008168,50013636,1,2013-10-05,2013,4,10,2012-09-04,0,1.08
752822677,24555520405,28,50013187,2,2014-01-23,2014,1,1,2013-02-26,1,0.91
377473718,37907720818,50008168,121452056,1,2014-07-18,2014,3,7,2011-12-26,1,2.56
40216027,13777585537,28,50008895,1,2013-10-13,2013,4,10,2011-01-24,0,2.72
118942006,19583152851,28,50023663,1,2014-12-26,2014,4,12,2012-09-29,1,2.24
1684502624,43540340971,50008168,50006235,1,2015-01-15,2015,1,1,2011-05-25,1,3.65
61588159,9680854286,38,211122,2,2014-08-02,2014,3,8,2013-08-13,0,0.97
2262837380,42999336100,50008168,50010549,1,2015-01-06,2015,1,1,2011-09-14,0,3.32
1033466085,19526078410,122650008,50012364,1,2013-10-04,2013,4,10,2012-04-11,0,1.48
24079156,36661272201,50008168,50013636,1,2014-03-18,2014,1,3,2010-12-31,1,3.21
154492646,25458044289,50008168,50012449,1,2013-06-06,2013,2,6,2011-11-13,1,1.56
173329093,35673961051,50008168,50013711,2,2014-04-09,2014,2,4,2013-06-15,0,0.82
416284711,18527612360,50008168,50012449,1,2013-07-23,2013,3,7,2013-03-24,0,0.33
723397857,16718273674,122650008,50012359,1,2014-10-08,2014,4,10,2011-09-17,0,3.06
1055473418,20945084205,50008168,50013636,2,2012-12-01,2012,4,12,2010-11-03,1,2.08
389377821,40477412693,50008168,50010555,1,2014-09-02,2014,3,9,2014-05-20,0,0.29
387079260,20993659220,50014815,50012564,4,2014-05-02,2014,2,5,2013-10-18,1,0.54
71850476,18905956218,50014815,50014275,1,2013-01-27,2013,1,1,2012-05-13,1,0.71
76472818,40392733996,50008168,121424027,1,2014-09-24,2014,3,9,2012-04-25,1,2.42
38060393,14027224169,50014815,50018436,1,2012-07-07,2012,3,7,2011-08-01,1,0.93
69203525,35212424255,50008168,50013636,1,2013-12-12,2013,4,12,2010-01-23,1,3.89
688809898,22210716281,28,50023531,1,2013-04-10,2013,2,4,2012-08-04,0,0.68
771449207,20922028936,50014815,50005982,1,2014-12-08,2014,4,12,2014-06-22,0,0.46
1683328510,38275805698,50008168,121394024,1,2014-07-11,2014,3,7,2013-08-17,1,0.9
21137271,17691567559,50008168,50013636,1,2012-11-22,2012,4,11,2011-02-04,1,1.8
1766969850,41161458583,50008168,50013636,1,2014-09-21,2014,3,9,2013-06-13,0,1.27
74459175,13155318835,50014815,50012564,5,2014-07-20,2014,3,7,2013-03-09,0,1.36
877518892,36499367185,28,50012475,1,2014-05-14,2014,2,5,2014-03-04,1,0.19
80512596,36131873399,122650008,50012363,1,2014-02-20,2014,1,2,2013-02-08,0,1.03
140860418,24679988724,50014815,50012431,1,2014-11-02,2014,4,11,2013-12-02,0,0.92
109907629,6009465208,28,50014250,1,2013-02-17,2013,1,2,2010-02-18,1,3.0
55522687,8159654162,50014815,50012456,1,2014-04-29,2014,2,4,2013-12-15,1,0.37
854053048,35774477574,50008168,50010549,1,2013-11-11,2013,4,11,2011-05-24,1,2.47
728180676,39589756565,50008168,121408024,1,2014-11-26,2014,4,11,2010-12-12,0,3.96
310635877,41262741580,50008168,50010566,1,2014-10-12,2014,4,10,2013-03-21,0,1.56
89800466,8835103504,28,50023661,1,2012-08-28,2012,3,8,2011-03-31,0,1.41
1830529477,24198240503,28,121540027,1,2014-08-02,2014,3,8,2013-06-17,0,1.13
155969997,16983951706,50008168,50012451,1,2012-09-24,2012,3,9,2012-05-05,0,0.39
891736786,37968733758,50008168,50013207,1,2014-08-03,2014,3,8,2012-06-28,1,2.1
131325713,23943612874,50008168,50013636,1,2013-04-16,2013,2,4,2011-04-29,0,1.97
870668820,9390785457,50014815,50006520,6,2014-11-25,2014,4,11,2014-02-11,1,0.79
1869728066,17629298588,50014815,50006099,1,2014-05-30,2014,2,5,2013-07-21,1,0.86
655834471,18860456727,38,50006843,1,2012-10-14,2012,4,10,2012-04-03,0,0.53
511889597,20026407554,50008168,50013207,1,2013-07-05,2013,3,7,2011-11-06,1,1.66
93332442,37317558555,50008168,50013207,1,2014-03-19,2014,1,3,2011-11-02,0,2.38
142427984,37967196751,50008168,50013207,1,2014-04-23,2014,2,4,2011-07-21,0,2.76
1643805171,37802896330,50008168,121394024,1,2014-09-01,2014,3,9,2014-05-09,1,0.32
1103802043,37076000628,28,50023514,1,2014-04-24,2014,2,4,2013-03-01,1,1.15
1730315664,13155318835,50014815,50012564,5,2015-02-05,2015,1,2,2012-06-29,0,2.61
75104744,15809019524,50008168,121394024,1,2014-05-13,2014,2,5,2014-03-15,1,0.16
196293483,18654493396,28,50023670,1,2013-09-04,2013,3,9,2010-01-17,1,3.63
369840982,24537752535,50014815,50018436,1,2013-08-02,2013,3,8,2013-03-09,1,0.4
10642245,14109039851,38,50006843,1,2013-06-17,2013,2,6,2013-02-13,0,0.34
92590396,21167235111,50008168,50013207,1,2013-07-06,2013,3,7,2012-07-17,1,0.97
127451512,36512326995,50008168,50013207,1,2013-12-17,2013,4,12,2012-12-12,0,1.01
381387022,19046999290,50014815,50006041,1,2014-03-04,2014,1,3,2013-04-01,1,0.92
23256752,19386943590,28,121398041,1,2014-05-13,2014,2,5,2012-07-12,1,1.84
82248938,41229697286,50008168,121462023,1,2015-01-21,2015,1,1,2014-12-30,0,0.06
460971987,10082122933,28,50013881,1,2012-07-05,2012,3,7,2011-10-01,0,0.76
77933013,17958495541,28,50023790,1,2013-09-10,2013,3,9,2010-07-02,1,3.19
1033551143,36881265150,50008168,50146022,1,2014-03-30,2014,1,3,2013-08-12,0,0.63
63741599,7964426157,38,50018858,1,2012-08-16,2012,3,8,2011-03-24,0,1.4
70231555,14518073759,50014815,50018704,1,2012-07-24,2012,3,7,2012-02-23,0,0.42
631917779,20812756384,38,50018821,3,2013-07-23,2013,3,7,2012-10-23,1,0.75
26188351,15604654059,50008168,50013636,1,2012-08-12,2012,3,8,2010-03-29,0,2.38
50238258,24784096636,50014815,50018412,1,2013-05-14,2013,2,5,2010-12-06,1,2.44
207508450,16520257539,38,211122,1,2013-01-03,2013,1,1,2012-02-20,1,0.87
525892484,38613126621,50008168,121462075,1,2014-05-14,2014,2,5,2013-06-19,1,0.9
138121253,15385184597,28,251725,1,2013-08-26,2013,3,8,2011-03-03,1,2.48
646222766,15745598713,50008168,50013636,1,2013-04-01,2013,2,4,2010-02-28,0,3.09
1038480421,21592283484,50014815,50012485,1,2013-09-01,2013,3,9,2013-02-08,1,0.56
330386953,19737728033,50014815,50006042,1,2012-10-05,2012,4,10,2011-02-10,0,1.65
645557,18250831986,38,50018615,1,2012-12-13,2012,4,12,2012-02-07,0,0.85
441486929,40049728542,122650008,50012359,1,2014-09-17,2014,3,9,2012-11-28,1,1.8
141999400,16683723491,28,50023514,1,2013-12-28,2013,4,12,2012-08-17,1,1.36
186849644,16011345799,122650008,50012365,1,2013-11-14,2013,4,11,2010-11-15,1,3.0
746105695,35032052704,50008168,50010544,1,2014-12-06,2014,4,12,2013-06-27,1,1.44
408325776,36329990892,50008168,50007011,1,2014-06-16,2014,2,6,2014-05-05,0,0.12
729828346,8680970096,50022520,50016704,1,2013-01-29,2013,1,1,2013-01-07,1,0.06
97496056,27398884617,50008168,50012451,1,2013-11-07,2013,4,11,2011-11-17,0,1.98
691470382,19422455983,50008168,50010558,1,2013-06-02,2013,2,6,2013-04-07,0,0.15
33580636,18099804498,28,50011993,1,2013-07-31,2013,3,7,2011-01-02,0,2.58
84835944,9572765527,50014815,50018831,1,2012-10-08,2012,4,10,2011-10-08,0,1.0
53433471,18443716949,28,251725,1,2013-06-17,2013,2,6,2012-09-03,1,0.79
57970535,40454371694,50008168,50013636,1,2014-10-04,2014,4,10,2013-01-14,1,1.72
290538796,40879182928,50008168,50132021,1,2014-10-20,2014,4,10,2011-05-20,1,3.42
69057729,41329822560,50014815,50018831,1,2015-01-27,2015,1,1,2011-01-05,1,4.06
1049355963,3846280641,122650008,50012366,1,2012-12-12,2012,4,12,2012-07-02,0,0.45
761265678,17004072939,50022520,50016704,1,2015-01-23,2015,1,1,2013-09-27,1,1.32
136451900,18106855904,50008168,50132021,1,2013-09-21,2013,3,9,2012-10-18,0,0.93
48922355,18668522144,50008168,50013711,1,2013-07-06,2013,3,7,2011-07-15,0,1.98
767800373,40346552484,50008168,50010557,1,2014-09-15,2014,3,9,2012-06-08,0,2.27
91156811,16420656795,50008168,50156020,1,2013-08-02,2013,3,8,2012-05-25,0,1.19
352890947,12581814608,50008168,50012451,1,2013-11-16,2013,4,11,2010-12-01,0,2.96
844344519,16984049478,28,121540027,1,2014-10-23,2014,4,10,2012-02-10,1,2.7
65079983,39395316554,50014815,50012564,1,2014-06-10,2014,2,6,2013-08-04,1,0.85
96476817,16782984369,50008168,50010555,1,2013-02-17,2013,1,2,2012-08-13,0,0.52
441460285,16470498466,50022520,50026456,1,2013-11-11,2013,4,11,2013-10-23,1,0.05
27595882,9209901980,50008168,50013711,1,2013-05-21,2013,2,5,2010-03-29,1,3.15
133647926,10864011676,50022520,50011847,1,2013-10-03,2013,4,10,2013-09-25,1,0.02
62395309,35832748656,50008168,50010536,1,2013-11-13,2013,4,11,2011-12-12,1,1.92
2080304899,18692478396,50008168,50012442,1,2014-05-04,2014,2,5,2010-07-13,0,3.81
39645715,23645720507,28,50023663,1,2013-10-26,2013,4,10,2013-01-22,1,0.76
11503702,19837354550,38,50018825,1,2013-08-26,2013,3,8,2012-08-26,1,1.0
88830644,37935777608,50008168,50013636,1,2014-06-26,2014,2,6,2014-03-25,1,0.25
262823764,19850745502,28,50008895,1,2014-04-17,2014,2,4,2012-09-13,1,1.59
373105196,35127116589,28,50006820,1,2014-12-21,2014,4,12,2014-01-03,1,0.96
672265151,5587503865,50008168,50006602,1,2013-03-10,2013,1,3,2012-11-28,0,0.28
447609368,16086781316,50008168,50010557,1,2012-11-11,2012,4,11,2011-11-15,1,0.99
1793514014,37361737960,50008168,50013207,1,2014-07-11,2014,3,7,2013-06-25,0,1.04
376464964,37010642083,50014815,50018831,1,2015-01-30,2015,1,1,2014-08-24,0,0.44
1942584506,39661606531,50008168,121394024,1,2014-10-27,2014,4,10,2014-04-05,1,0.56
276246305,14511867259,50008168,50006602,1,2012-09-07,2012,3,9,2010-10-10,0,1.91
406935827,35146292682,28,50013175,1,2014-03-24,2014,1,3,2013-12-30,1,0.23
58244867,15407281853,50008168,50012451,1,2012-10-29,2012,4,10,2010-10-15,1,2.04
812347802,25308408488,50014815,50018436,1,2013-11-18,2013,4,11,2013-03-19,0,0.67
385231417,35252562356,122650008,50012367,1,2013-11-18,2013,4,11,2011-11-22,1,1.99
163954748,41204572991,122650008,50012365,1,2014-10-18,2014,4,10,2013-06-16,0,1.34
70069665,15962074584,50008168,50007011,1,2012-12-12,2012,4,12,2010-04-15,0,2.66
1658032434,26426216668,50014815,50009547,1,2014-01-10,2014,1,1,2012-10-22,1,1.22
339355276,24197216809,50008168,50010558,1,2014-05-25,2014,2,5,2013-08-31,1,0.73
117002455,20262893195,50008168,50013711,1,2014-03-27,2014,1,3,2011-04-25,0,2.92
135519929,25760364628,50008168,50013207,1,2014-03-28,2014,1,3,2012-02-26,1,2.08
648241169,13586455878,50014815,50018436,1,2014-09-15,2014,3,9,2013-10-05,0,0.95
686047242,36781757986,122650008,50012361,2,2014-09-15,2014,3,9,2010-03-04,0,4.54
69106930,14652034564,50008168,50013711,1,2012-07-16,2012,3,7,2010-06-01,0,2.13
46239667,14174510205,38,50018821,1,2014-10-14,2014,4,10,2011-09-16,1,3.08
94577459,12881851566,28,50023790,10,2013-09-14,2013,3,9,2012-07-06,0,1.19
405674478,26910624143,50008168,50013636,1,2013-09-07,2013,3,9,2012-10-28,1,0.86
118300134,23594708318,50008168,50013636,1,2013-05-04,2013,2,5,2011-05-03,0,2.01
1743387086,43539568980,50008168,50010538,1,2015-01-31,2015,1,1,2012-10-13,0,2.3
43270534,17064575657,50008168,50012442,1,2014-11-27,2014,4,11,2014-04-10,1,0.63
69889555,13023273876,50022520,50023591,1,2012-11-30,2012,4,11,2010-11-11,0,2.05
69889555,25137540538,50008168,50006602,1,2014-05-24,2014,2,5,2010-11-11,0,3.53
2118737046,42036193982,50014815,50018831,1,2014-11-28,2014,4,11,2014-04-11,1,0.63
718935048,39660631632,28,50006100,1,2014-08-31,2014,3,8,2012-10-28,0,1.84
411347539,14601864164,50014815,50014277,1,2013-01-02,2013,1,1,2012-09-04,1,0.33
78962691,37551736045,122650008,50012363,1,2014-06-04,2014,2,6,2013-02-18,0,1.29
78135508,40701170667,50008168,50013636,1,2014-11-11,2014,4,11,2011-11-05,1,3.02
52744851,17440629603,50014815,50010236,1,2013-04-01,2013,2,4,2012-08-22,1,0.61
859624068,15421138219,50008168,50013207,1,2012-09-24,2012,3,9,2011-08-24,1,1.09
1041892321,8365793861,38,211122,2,2013-09-17,2013,3,9,2012-08-01,0,1.13
771784864,16243586211,122650008,50012363,1,2012-11-13,2012,4,11,2012-08-24,0,0.22
352463907,38798532956,122650008,50012364,1,2014-05-18,2014,2,5,2011-04-02,0,3.13
603123248,39784731013,50014815,50018831,1,2014-07-16,2014,3,7,2013-11-21,0,0.65
593517038,16377441164,50008168,50010555,1,2013-01-30,2013,1,1,2012-06-26,1,0.6
138548893,37661147464,50014815,50013875,1,2014-08-24,2014,3,8,2014-06-27,0,0.16
183827816,5700732011,28,50014250,3,2013-01-07,2013,1,1,2011-04-30,0,1.69
159041066,35536936961,50014815,50018831,2,2013-11-11,2013,4,11,2012-07-23,1,1.3
370606430,37994392815,50008168,121408024,2,2014-06-22,2014,2,6,2013-06-04,0,1.05
48655521,35017672642,28,50023661,1,2013-11-27,2013,4,11,2011-01-01,0,2.91
660371928,18402451663,50014815,50018436,1,2013-09-01,2013,3,9,2013-03-05,1,0.49
35831517,39512885303,28,50011993,1,2014-12-30,2014,4,12,2011-07-08,0,3.48
712034589,40105767828,50008168,50010542,1,2014-08-25,2014,3,8,2011-01-06,0,3.64
675728690,17410028431,50014815,50008728,1,2014-02-09,2014,1,2,2010-11-15,0,3.24
764418129,17355245633,50008168,50012451,1,2013-03-23,2013,1,3,2012-10-12,1,0.44
506946641,41475051106,50008168,50013636,1,2014-10-06,2014,4,10,2013-04-18,0,1.47
46577846,15739450160,50008168,50006602,1,2012-09-13,2012,3,9,2012-05-18,0,0.32
478118517,38737713594,50008168,50146022,1,2014-05-23,2014,2,5,2013-11-03,0,0.55
72088976,35141794469,50022520,50016704,1,2014-12-12,2014,4,12,2014-11-06,1,0.1
127104347,19331177776,28,50016454,1,2014-02-11,2014,1,2,2012-04-24,0,1.8
1702276954,15453768437,50014815,50004457,2,2013-11-18,2013,4,11,2013-08-21,1,0.24
34582044,43428724709,50008168,50010538,1,2015-01-11,2015,1,1,2012-11-01,0,2.19
61620681,35055137651,50008168,50007011,1,2013-11-11,2013,4,11,2013-03-08,0,0.68
1055336274,23259420393,50008168,50013636,1,2013-04-25,2013,2,4,2012-04-29,1,0.99
141263038,38705572016,50008168,121472021,1,2014-05-10,2014,2,5,2011-11-28,1,2.45
798742650,41758037377,50008168,50013636,1,2014-10-23,2014,4,10,2013-11-04,1,0.97
16992440,36645240582,28,50012474,3,2014-02-24,2014,1,2,2012-05-16,0,1.78
219658557,19143365121,50008168,50010536,1,2013-09-04,2013,3,9,2013-02-20,1,0.54
120971704,38539512251,50008168,50013636,1,2014-04-18,2014,2,4,2011-06-24,0,2.82
910140800,9921993020,50008168,50010555,1,2013-09-09,2013,3,9,2013-03-02,0,0.52
92192666,16130303961,28,50013078,1,2012-12-13,2012,4,12,2011-09-22,0,1.23
26184254,7161010744,50008168,50010558,1,2014-03-17,2014,1,3,2012-12-21,0,1.24
838135776,13419573116,50014815,50001732,1,2013-02-25,2013,1,2,2013-02-06,0,0.05
656871588,14269854834,38,50006843,2,2012-08-26,2012,3,8,2011-09-05,1,0.98
2254611367,38282204077,28,50023670,1,2015-01-30,2015,1,1,2011-10-31,0,3.25
69435486,41564495005,50008168,50013636,1,2014-11-11,2014,4,11,2012-08-21,1,2.22
58846126,35162436883,50008168,50010555,1,2014-08-14,2014,3,8,2014-05-25,0,0.22
188785717,27189944241,50008168,50013636,1,2013-10-23,2013,4,10,2011-06-17,0,2.35
1709476961,40799817988,50008168,121450022,1,2014-11-28,2014,4,11,2013-01-06,0,1.89
14304064,15929031075,122650008,50012361,1,2012-10-19,2012,4,10,2010-06-01,1,2.39
49008121,41884632444,50008168,50013636,1,2014-12-11,2014,4,12,2011-03-10,0,3.76
73291425,41088982319,122650008,50012365,1,2014-12-20,2014,4,12,2010-06-28,0,4.48
12576056,17676479598,50008168,50146022,1,2012-12-19,2012,4,12,2011-06-11,0,1.53
795355691,19227493922,50014815,50010236,1,2014-07-19,2014,3,7,2011-07-09,0,3.03
1045498739,37062248680,122650008,50012363,1,2014-03-25,2014,1,3,2013-09-26,1,0.49
371636266,40175617683,50008168,50006602,1,2014-09-24,2014,3,9,2013-12-04,0,0.81
559247716,4101836471,50014815,50012777,1,2013-03-13,2013,1,3,2012-10-20,1,0.39
46013049,40782358000,28,50023792,1,2014-09-23,2014,3,9,2014-04-08,1,0.46
403609077,14566715416,28,50014129,1,2012-11-24,2012,4,11,2011-08-02,0,1.32
528643545,14497047720,38,50018854,1,2013-07-04,2013,3,7,2012-12-04,0,0.58
24466085,13006065985,28,50012428,1,2013-04-27,2013,2,4,2011-09-03,0,1.65
350100046,37866294912,50008168,121466023,1,2015-01-19,2015,1,1,2011-05-09,0,3.7
2020687907,36738468079,28,50003700,1,2014-05-13,2014,2,5,2012-07-04,0,1.86
55875510,37278421412,50008168,50013207,1,2014-02-21,2014,1,2,2012-08-03,0,1.55
60387171,35323826536,50014815,50018831,1,2015-01-27,2015,1,1,2013-02-16,1,1.95
85942387,16020062354,50008168,50010566,1,2013-07-27,2013,3,7,2012-12-26,0,0.58
98246781,42687826427,50008168,50010544,1,2015-01-16,2015,1,1,2012-06-18,1,2.58
123044613,7686784451,28,50013076,1,2012-09-11,2012,3,9,2011-12-10,1,0.76
883158198,22487867606,50008168,50010542,1,2013-10-09,2013,4,10,2013-06-10,1,0.33
502828062,9869585664,122650008,50012360,1,2013-10-05,2013,4,10,2011-10-17,1,1.97
745559711,17980610442,50008168,50006602,1,2013-08-29,2013,3,8,2013-02-17,1,0.53
63157165,37655675532,50008168,50012451,1,2014-04-01,2014,2,4,2011-08-09,1,2.65
80014536,15046969968,50014815,50015969,1,2012-08-31,2012,3,8,2012-06-15,1,0.21
1635254677,35016114923,28,50008856,1,2014-03-23,2014,1,3,2013-01-23,1,1.16
16031078,14738743406,50008168,50010555,1,2014-11-23,2014,4,11,2012-03-25,0,2.67
59441576,17923074128,122650008,50012364,1,2013-04-26,2013,2,4,2010-02-23,1,3.17
1108310267,21302907272,28,50015913,1,2014-02-10,2014,1,2,2013-10-02,1,0.36
101415002,17624741051,50008168,50006602,1,2014-02-08,2014,1,2,2012-03-15,0,1.9
235795692,36648339381,28,50008875,1,2014-05-17,2014,2,5,2013-04-25,0,1.06
702647816,37368848270,28,50008845,1,2015-01-04,2015,1,1,2014-03-22,1,0.79
154930665,27262968502,50008168,50006602,1,2013-10-09,2013,4,10,2011-02-18,0,2.64
1921509424,38404276502,50008168,50012449,1,2014-04-24,2014,2,4,2013-05-31,1,0.9
10923201,19166868327,50008168,50013636,1,2014-03-28,2014,1,3,2011-08-30,1,2.58
113243127,19048924386,28,50024235,1,2013-06-05,2013,2,6,2011-02-26,0,2.27
165283246,40132178686,50008168,50013636,1,2015-01-13,2015,1,1,2013-11-04,1,1.19
406365709,25411420301,50008168,50006602,1,2014-05-30,2014,2,5,2013-06-08,0,0.98
15108904,36234619723,50008168,50006602,1,2014-11-13,2014,4,11,2012-12-14,1,1.92
697241495,15838328461,122650008,50012359,1,2013-04-11,2013,2,4,2010-05-17,0,2.9
692815952,41054973614,122650008,50012359,1,2014-09-20,2014,3,9,2013-07-14,1,1.19
346883797,5774771230,50014815,50006521,10,2013-01-11,2013,1,1,2012-03-28,0,0.79
35009662,19029831028,50008168,50010555,1,2013-05-08,2013,2,5,2012-11-24,1,0.45
166937481,18246384723,50014815,50012244,1,2014-01-04,2014,1,1,2013-06-20,1,0.54
694874554,10074559658,28,50006097,1,2015-02-04,2015,1,2,2012-11-22,0,2.2
929851,15450068504,38,50018615,7,2012-08-28,2012,3,8,2011-04-03,0,1.41
1087643545,17761773755,50022520,50026494,1,2013-07-14,2013,3,7,2013-06-29,1,0.04
240345601,23220500950,50008168,50010555,1,2013-07-09,2013,3,7,2013-04-13,1,0.24
33702305,40517200867,50014815,50018831,2,2014-11-03,2014,4,11,2013-03-18,0,1.63
241837911,20248930866,28,50011993,1,2013-10-20,2013,4,10,2012-12-25,0,0.82
83942488,36873348815,50014815,50012431,1,2014-01-14,2014,1,1,2010-06-21,1,3.57
83744798,15727837800,28,50013187,1,2013-02-26,2013,1,2,2012-08-05,1,0.56
425087423,16986642032,50008168,50012442,1,2014-07-21,2014,3,7,2011-11-23,1,2.66
90961714,21415840626,50008168,50013711,1,2013-01-09,2013,1,1,2012-02-10,0,0.92
282788237,19023455943,50022520,50006030,1,2013-05-13,2013,2,5,2010-12-06,1,2.44
647746339,39486145157,28,50012474,1,2014-11-12,2014,4,11,2013-02-07,1,1.76
191039747,7984139502,28,50008859,1,2014-12-31,2014,4,12,2014-07-09,0,0.48
137364326,41879958756,50008168,50013636,1,2014-11-19,2014,4,11,2010-11-12,0,4.02
66755460,6237968940,50008168,50010555,1,2014-03-02,2014,1,3,2011-03-07,1,2.99
841216238,39168664475,50014815,50018831,1,2014-10-20,2014,4,10,2013-05-05,0,1.46
84890647,35673538787,50008168,50010558,1,2014-03-16,2014,1,3,2013-02-28,1,1.04
58386865,39897792904,50014815,50012464,1,2015-01-30,2015,1,1,2013-03-19,1,1.87
816959238,22706648500,38,50018854,1,2013-05-04,2013,2,5,2012-06-21,0,0.87
75613245,37880332798,50008168,50006602,1,2014-03-25,2014,1,3,2011-11-22,1,2.34
48419732,4956964934,50014815,50018412,2,2013-05-17,2013,2,5,2010-04-09,0,3.11
197411149,41152012097,50008168,121452056,1,2014-11-12,2014,4,11,2010-04-29,0,4.54
106735420,19899285873,50014815,50018831,1,2013-10-10,2013,4,10,2013-07-09,1,0.25
1020368066,41101540039,50008168,50010536,4,2014-10-04,2014,4,10,2010-06-01,1,4.35
143808779,38080383704,28,251725,1,2014-09-08,2014,3,9,2010-10-01,1,3.94
72341311,18004159980,50008168,121394024,1,2014-11-09,2014,4,11,2014-04-06,0,0.59
1094274418,42132824541,50008168,121394024,1,2014-12-14,2014,4,12,2013-08-03,0,1.36
658919521,16394503918,50014815,50012245,1,2014-04-05,2014,2,4,2013-10-14,0,0.47
689783888,4534860816,28,50023722,1,2015-01-09,2015,1,1,2014-03-04,0,0.85
57613642,25157808743,28,50006820,2,2014-06-24,2014,2,6,2013-07-20,0,0.93
40305507,36380970504,50008168,50013636,1,2013-12-13,2013,4,12,2011-10-17,1,2.16
732541962,26523564056,28,50008875,1,2013-08-17,2013,3,8,2012-12-28,1,0.64
243385,22131823066,50008168,50012442,1,2013-09-02,2013,3,9,2011-07-10,0,2.15
10339332,13174075495,50014815,50001732,1,2014-05-26,2014,2,5,2011-09-10,0,2.71
22775189,23946808667,38,50018824,1,2014-03-03,2014,1,3,2012-04-19,0,1.87
726334191,18989305426,50008168,121472022,1,2014-12-26,2014,4,12,2010-02-25,1,4.84
37050995,21297820700,50014815,50009542,1,2013-04-29,2013,2,4,2012-10-22,0,0.52
384841734,36809658862,50014815,50018436,1,2014-03-15,2014,1,3,2012-08-30,1,1.54
1062425612,14402922681,28,50014129,1,2012-11-18,2012,4,11,2012-09-02,0,0.21
1706543412,15719276440,50008168,50012451,2,2013-06-05,2013,2,6,2011-01-05,1,2.42
864297971,15679625429,50008168,50010557,1,2014-07-03,2014,3,7,2013-03-09,0,1.32
771232308,27226684376,50008168,50010558,1,2013-09-26,2013,3,9,2010-04-15,0,3.45
476002223,13405998671,50014815,50018831,1,2013-04-03,2013,2,4,2012-08-17,0,0.63
1124076737,14835220006,50008168,50013711,1,2013-03-16,2013,1,3,2012-10-13,0,0.42
10405255,10775413892,50014815,50228021,1,2014-12-24,2014,4,12,2012-02-14,0,2.86
64093162,43674029889,50008168,50010545,1,2015-01-29,2015,1,1,2010-08-16,1,4.46
854553317,41158352472,50014815,50015727,1,2015-02-01,2015,1,2,2014-01-19,0,1.04
60392074,41822227906,50008168,121452056,1,2014-11-08,2014,4,11,2013-03-21,1,1.64
1069860359,35373986189,50014815,50005982,1,2014-01-01,2014,1,1,2013-05-08,0,0.65
125703503,36220244871,50008168,50007014,1,2014-10-28,2014,4,10,2012-07-25,0,2.26
725520721,22101231843,50008168,50024787,1,2013-10-21,2013,4,10,2011-12-08,1,1.87
857559826,15239002450,50014815,50006099,1,2014-06-07,2014,2,6,2013-10-13,0,0.65
34911780,16873424587,50014815,50016240,2,2012-08-13,2012,3,8,2010-03-02,1,2.45
1589292035,19745033946,50008168,50010544,1,2014-01-08,2014,1,1,2011-06-05,1,2.6
17431245,9757291856,38,50016116,1,2012-11-11,2012,4,11,2011-01-15,0,1.82
51598634,12758074281,28,50013177,1,2013-03-07,2013,1,3,2011-06-12,0,1.74
734958687,17733994279,50008168,50012451,1,2013-11-11,2013,4,11,2012-09-16,1,1.15
474782625,12898343737,28,50013175,1,2014-10-09,2014,4,10,2014-07-15,1,0.24
444309931,16025522463,122650008,50012365,1,2013-08-30,2013,3,8,2010-08-10,0,3.06
324693962,19416126848,28,50023457,1,2014-08-21,2014,3,8,2014-02-19,0,0.5
72555454,12759153835,50014815,50009544,1,2013-01-07,2013,1,1,2012-03-02,1,0.85
260092225,20816740935,50008168,50010538,1,2014-01-14,2014,1,1,2011-10-05,1,2.28
111621945,37405203875,50008168,50010558,1,2014-04-09,2014,2,4,2013-08-09,1,0.67
687066529,38674183111,50008168,50013636,1,2014-06-16,2014,2,6,2011-05-11,1,3.1
359601689,16383996535,50014815,50018831,160,2012-11-05,2012,4,11,2011-12-15,0,0.89
150795260,36706144350,50008168,50013207,1,2014-02-18,2014,1,2,2012-11-21,1,1.24
1133628211,35522172934,50008168,50013636,1,2014-02-18,2014,1,2,2012-09-03,0,1.46
479631961,19452723965,50022520,50012375,1,2013-04-30,2013,2,4,2011-07-25,0,1.77
277357538,19637551680,28,50014129,1,2013-07-05,2013,3,7,2012-06-16,0,1.05
740015689,26605352858,50008168,50010558,1,2013-10-02,2013,4,10,2013-09-26,0,0.02
133595268,22373364858,28,50023790,1,2013-04-27,2013,2,4,2011-09-19,1,1.61
451100817,12351340442,122650008,50012360,1,2012-09-01,2012,3,9,2011-07-24,1,1.11
667774265,39859536457,122650008,50012363,1,2014-12-11,2014,4,12,2013-10-10,0,1.17
1045319175,41777738478,50008168,50010544,1,2014-10-29,2014,4,10,2011-02-09,1,3.72
89781118,12745894835,50008168,50007011,1,2014-11-14,2014,4,11,2013-01-12,1,1.84
2020957900,16310626305,50014815,121406041,2,2014-08-29,2014,3,8,2014-04-30,0,0.33
609791410,13447157946,50008168,50010555,1,2014-03-27,2014,1,3,2014-02-20,1,0.1
275987542,41284638240,28,50013187,1,2015-01-19,2015,1,1,2014-01-03,1,1.04
188600174,41460345919,50022520,50016704,1,2015-01-19,2015,1,1,2014-01-21,1,0.99
116573081,22230172158,28,50008860,1,2013-04-22,2013,2,4,2012-11-13,0,0.44
867476098,18721720021,50014815,50018831,3,2014-09-23,2014,3,9,2013-08-06,0,1.13
800173649,38011223484,50008168,50013711,1,2014-04-29,2014,2,4,2013-07-20,0,0.78
1040314082,35408076111,122650008,50012365,1,2013-12-25,2013,4,12,2012-04-22,1,1.68
713724745,17534699048,50008168,50010557,1,2013-01-02,2013,1,1,2010-04-24,0,2.7
186418698,9921844112,50014815,50001748,1,2014-03-24,2014,1,3,2012-01-18,1,2.18
55069180,38554350650,122650008,50012363,1,2015-01-27,2015,1,1,2014-08-07,0,0.47
746338356,22783804746,50014815,50010236,1,2013-08-31,2013,3,8,2013-08-06,1,0.07
110798294,20393276096,28,50013187,1,2013-04-21,2013,2,4,2012-09-23,0,0.58
396311979,38600911631,50008168,50013636,1,2014-05-20,2014,2,5,2011-09-26,1,2.65
383735470,20266883067,50014815,50009540,1,2014-08-09,2014,3,8,2011-08-19,0,2.98
2214580556,40062433875,50008168,50010558,1,2014-09-28,2014,3,9,2012-12-01,1,1.82
130263794,21934484610,50008168,50010536,1,2013-02-23,2013,1,2,2010-04-29,0,2.82
354804408,3621425317,38,211122,4,2014-01-08,2014,1,1,2013-03-27,0,0.79
805018083,16242741819,50008168,50013636,1,2014-01-08,2014,1,1,2012-10-06,1,1.26
72746697,37346822188,50008168,121394024,1,2014-08-17,2014,3,8,2014-02-22,1,0.48
77723093,41830139440,50008168,50013207,1,2014-11-10,2014,4,11,2013-12-21,0,0.89
75758080,5470994165,50008168,121408024,1,2014-08-29,2014,3,8,2012-03-02,0,2.49
95428725,25921288431,28,251725,1,2014-09-09,2014,3,9,2012-03-31,0,2.44
755743741,35015569650,50014815,50018831,1,2014-11-10,2014,4,11,2014-07-17,0,0.32
705498556,3595424276,50022520,50016704,1,2012-11-11,2012,4,11,2012-10-04,0,0.1
669342381,20398471742,28,50012474,1,2014-02-08,2014,1,2,2013-10-18,1,0.31
824413527,37679509075,50014815,50018436,1,2014-04-07,2014,2,4,2013-12-01,0,0.35
180473754,42171808031,28,121452026,1,2015-01-07,2015,1,1,2013-05-22,0,1.63
665216877,41725198233,50008168,121450022,1,2014-12-04,2014,4,12,2014-02-26,0,0.77
648024036,38493052092,28,50023670,4,2014-12-12,2014,4,12,2011-07-30,1,3.37
743394056,40228281930,50014815,50012431,1,2014-10-29,2014,4,10,2010-11-25,0,3.93
2757,17429550751,50008168,50010555,1,2013-04-10,2013,2,4,2013-03-11,1,0.08
13848376,40827442866,50008168,50013636,1,2014-11-11,2014,4,11,2014-08-21,1,0.22
415971,20854308837,50008168,50010548,1,2013-01-28,2013,1,1,2012-11-11,0,0.21
44732791,16292306416,50008168,50010544,1,2014-01-14,2014,1,1,2011-08-28,0,2.38
121722809,15071189647,38,50006843,2,2015-01-04,2015,1,1,2014-06-01,1,0.59
83472357,12555432766,50014815,50005982,1,2013-06-11,2013,2,6,2013-01-20,1,0.39
65651861,21971788076,50008168,50010558,1,2013-03-15,2013,1,3,2011-11-24,1,1.31
14342858,17894670737,28,50023598,1,2014-11-05,2014,4,11,2011-02-07,0,3.75
917524288,10303049467,50014815,50012456,30,2013-05-03,2013,2,5,2011-06-24,0,1.86
21838963,16364059790,50014815,121470030,5,2014-06-24,2014,2,6,2014-03-10,0,0.29
45661628,14022380103,50014815,121456023,1,2014-10-08,2014,4,10,2013-10-15,1,0.98
61127135,18444305120,28,50008875,1,2013-05-23,2013,2,5,2012-03-17,1,1.18
785043910,39602511660,50008168,121364022,2,2014-10-03,2014,4,10,2013-05-30,0,1.35
628378860,16236503292,50008168,50013636,1,2014-09-25,2014,3,9,2012-08-16,0,2.11
1911445233,38373903143,50008168,50013711,2,2014-04-19,2014,2,4,2012-04-30,1,1.97
325759617,18770494335,28,50023651,1,2014-03-14,2014,1,3,2010-08-12,1,3.59
353221225,36095707144,122650008,50012365,1,2013-12-12,2013,4,12,2011-08-13,0,2.33
61079421,18769969047,50014815,50014274,1,2013-08-03,2013,3,8,2013-05-01,1,0.26
20451388,17358761118,38,211122,1,2013-03-21,2013,1,3,2012-01-29,1,1.14
42558014,22369788243,50008168,50010558,1,2013-03-21,2013,1,3,2010-07-04,0,2.72
75200815,18064299870,50014815,50018831,1,2014-09-13,2014,3,9,2013-11-14,0,0.83
124527924,9590124906,50008168,50013711,1,2012-10-18,2012,4,10,2011-09-30,1,1.05
775584118,2254371483,38,50018820,1,2013-08-16,2013,3,8,2012-10-23,0,0.81
78375309,26632468078,50008168,50013636,1,2013-08-16,2013,3,8,2013-03-22,1,0.4
13101455,13887162135,28,50012423,1,2012-08-29,2012,3,8,2011-08-19,0,1.03
790148926,40018409687,50014815,50018436,1,2014-11-24,2014,4,11,2014-08-27,1,0.24
76580427,25481540232,50014815,50014274,1,2013-06-07,2013,2,6,2012-03-07,1,1.25
23086954,3219122303,50014815,50014273,1,2013-01-25,2013,1,1,2011-10-08,0,1.3
1754594929,13592670420,50014815,50018438,1,2014-09-20,2014,3,9,2014-08-26,0,0.07
18190851,17092246580,28,50014129,2,2013-03-31,2013,1,3,2011-01-01,0,2.25
1649930323,36491323240,50008168,50006602,1,2014-07-29,2014,3,7,2010-10-04,0,3.82
338734269,38898356938,28,50023663,1,2014-08-22,2014,3,8,2013-09-26,1,0.9
679878153,17187307783,50008168,50013636,1,2014-08-06,2014,3,8,2013-09-27,0,0.86
38061660,19866862313,50008168,50010549,1,2013-11-11,2013,4,11,2011-12-03,1,1.94
1641457379,18721720021,50014815,50018831,1,2014-09-30,2014,3,9,2013-12-26,1,0.76
730302768,14663445988,28,50006095,1,2012-09-23,2012,3,9,2011-03-30,1,1.49
393380275,25185692215,50008168,50006602,1,2014-07-29,2014,3,7,2010-02-09,0,4.47
882909923,36344284817,50008168,50010558,1,2014-01-04,2014,1,1,2012-05-16,1,1.64
132357204,3331637994,50014815,50012777,1,2013-09-07,2013,3,9,2011-11-25,1,1.79
659749250,12929573479,38,50006843,1,2013-08-15,2013,3,8,2012-10-15,0,0.83
264008927,36480276601,50008168,50010557,1,2014-12-12,2014,4,12,2012-03-25,0,2.72
66569606,13668555620,50008168,50006602,1,2014-12-12,2014,4,12,2012-01-23,1,2.89
270377458,7279461500,50008168,50010566,1,2012-09-13,2012,3,9,2012-04-02,0,0.45
125840215,19829152567,28,50003700,1,2013-11-02,2013,4,11,2011-05-02,0,2.51
889878950,41352889142,50008168,50010558,1,2014-10-14,2014,4,10,2013-09-01,0,1.12
113554421,18263602472,50014815,50018831,12,2013-05-14,2013,2,5,2010-09-09,0,2.68
290360210,13716364917,50014815,50015727,1,2013-12-12,2013,4,12,2013-10-29,0,0.12
550066806,16726290116,50008168,50006602,1,2014-01-03,2014,1,1,2013-11-01,1,0.17
593315800,35591558752,50008168,50010566,1,2013-11-11,2013,4,11,2012-09-23,1,1.13
276632530,39142982662,50022520,50006028,1,2014-12-15,2014,4,12,2012-07-16,1,2.42
47138383,13272130226,50014815,50018831,2,2013-02-18,2013,1,2,2010-12-21,0,2.16
488469409,22458135479,50014815,50012432,1,2014-09-04,2014,3,9,2014-08-09,1,0.07
2298687186,42483180297,50008168,50013636,1,2015-01-28,2015,1,1,2012-10-09,1,2.3
52404311,13061238376,50008168,50013636,1,2014-12-15,2014,4,12,2010-09-24,1,4.23
430319227,9807202789,28,50013874,1,2012-08-24,2012,3,8,2011-06-15,0,1.19
929425316,39639604734,50014815,121426038,1,2015-01-26,2015,1,1,2011-09-12,0,3.38
642755513,25469708168,50008168,50007011,1,2014-03-20,2014,1,3,2013-10-26,0,0.4
31235454,16674140540,50008168,50013207,1,2014-10-07,2014,4,10,2011-03-19,0,3.56
253581310,20005753685,28,50011993,1,2014-05-18,2014,2,5,2014-04-11,0,0.1
829213583,20326213051,50008168,50013636,1,2014-12-22,2014,4,12,2013-11-10,0,1.12
58199199,16436704905,38,211122,4,2012-10-16,2012,4,10,2011-07-02,0,1.29
24829944,15098657498,50022520,50011819,2,2014-09-20,2014,3,9,2014-08-26,1,0.07
167910527,16440368756,50008168,50010555,1,2013-03-12,2013,1,3,2012-11-21,0,0.3
809862801,36251688391,28,50012475,1,2014-02-16,2014,1,2,2014-01-21,1,0.07
119127104,20999672795,50008168,50006602,1,2012-11-14,2012,4,11,2011-08-20,1,1.24
1844317769,2755199070,50014815,121434042,1,2014-11-25,2014,4,11,2014-06-26,0,0.42
93083084,18645721965,50014815,50013715,1,2015-01-06,2015,1,1,2013-12-11,0,1.07
294750833,38832277434,50022520,50005979,1,2014-11-11,2014,4,11,2013-07-30,1,1.28
248962105,36448316530,50008168,50013636,1,2014-05-21,2014,2,5,2013-07-26,0,0.82
41643429,12715037736,28,50024627,1,2014-10-10,2014,4,10,2014-03-22,1,0.55
1050126413,37983949722,50014815,50018831,1,2014-11-11,2014,4,11,2014-05-18,0,0.48
300931383,37653352823,50008168,50010558,1,2014-03-26,2014,1,3,2013-12-19,0,0.27
816914951,18803570968,28,121382040,1,2014-12-12,2014,4,12,2014-09-28,0,0.21
785311611,42426146535,28,50011993,1,2015-01-20,2015,1,1,2012-10-03,0,2.3
264579453,14016642158,28,121540027,2,2014-11-26,2014,4,11,2014-05-12,0,0.54
269267507,15263653132,50008168,50013207,1,2013-02-16,2013,1,2,2012-11-20,1,0.24
185178295,40129281930,28,50003700,1,2014-08-19,2014,3,8,2014-08-13,1,0.02
1692582408,41266340079,50008168,50010558,1,2014-12-13,2014,4,12,2012-07-12,0,2.42
68067107,25909536641,38,50018820,1,2013-09-14,2013,3,9,2012-11-14,1,0.83
37273026,5450218363,38,50018854,6,2013-11-05,2013,4,11,2012-02-12,1,1.73
195510961,41079030632,50008168,121394024,1,2014-10-29,2014,4,10,2012-01-16,1,2.79
47836546,17877876267,50008168,50010565,2,2013-11-12,2013,4,11,2012-09-01,0,1.2
48621253,18752150065,50008168,50013207,1,2013-06-12,2013,2,6,2013-01-25,1,0.38
398312015,19641593301,28,50013176,1,2014-08-05,2014,3,8,2014-06-23,1,0.12
438010029,23648236275,122650008,50012364,1,2013-05-04,2013,2,5,2012-08-07,1,0.74
150330797,13130520515,50014815,50012431,1,2013-08-25,2013,3,8,2012-04-04,0,1.39
64343163,26101924419,50008168,50012451,1,2013-07-05,2013,3,7,2010-01-23,1,3.45
44716356,36207455567,28,50012474,1,2014-04-27,2014,2,4,2013-02-11,0,1.21
614946692,41106352035,50008168,50010555,1,2014-09-11,2014,3,9,2014-06-11,1,0.25
47737028,24624676830,50014815,50012471,2,2014-10-25,2014,4,10,2012-03-20,1,2.6
108344071,7803405251,50008168,50006602,1,2013-08-12,2013,3,8,2010-07-04,1,3.11
1017818160,9305940795,28,50013881,5,2013-11-30,2013,4,11,2011-10-20,0,2.12
198339735,36717475719,28,50015146,1,2014-06-28,2014,2,6,2011-01-28,0,3.42
32950783,18536773341,50014815,50232021,1,2013-11-08,2013,4,11,2013-10-25,0,0.04
61526102,41324909102,122650008,50012365,1,2015-01-30,2015,1,1,2011-05-23,0,3.69
92116962,14767143572,50014815,50014272,2,2012-10-10,2012,4,10,2012-05-26,1,0.38
199354107,40204309209,50008168,50013207,1,2014-09-09,2014,3,9,2010-03-10,1,4.5
576767101,37755146599,50008168,50010558,1,2014-04-05,2014,2,4,2013-06-01,1,0.84
210263456,41464527333,50008168,50010544,1,2014-12-05,2014,4,12,2012-09-07,0,2.24
220079966,36169271442,28,50011993,1,2013-11-22,2013,4,11,2010-08-08,0,3.29
21887268,35498150675,50008168,50006602,2,2013-12-16,2013,4,12,2010-05-26,0,3.56
743631006,13841405997,50008168,50007011,1,2013-03-28,2013,1,3,2013-02-24,1,0.09
348109281,13374569905,50008168,50013636,1,2012-12-06,2012,4,12,2010-02-08,1,2.83
664236959,16563307133,38,121454045,3,2014-10-07,2014,4,10,2012-07-26,0,2.2
111794341,19678488904,50008168,50010557,1,2013-01-23,2013,1,1,2010-09-02,1,2.39
127931487,16522031119,50008168,50013711,1,2012-08-03,2012,3,8,2012-07-03,0,0.08
437556506,35158409536,50008168,50013636,1,2013-12-26,2013,4,12,2011-09-28,0,2.25
674478679,40624526192,50014815,50009540,1,2014-12-14,2014,4,12,2014-02-01,1,0.87
378028878,19285625410,50008168,50146022,1,2013-12-07,2013,4,12,2012-02-08,0,1.83
44253932,19862187842,28,121404037,1,2014-05-29,2014,2,5,2010-01-13,1,4.38
1091263211,16409261679,122650008,50012363,1,2013-12-12,2013,4,12,2013-04-13,0,0.67
11768880,19025967309,122650008,50012364,1,2013-04-11,2013,2,4,2012-01-07,1,1.26
321506990,27619548992,50014815,50018831,1,2014-04-02,2014,2,4,2013-02-13,0,1.13
766386444,19978814543,28,50013176,1,2014-08-12,2014,3,8,2014-01-15,0,0.57
1944471144,37068018309,38,50018820,1,2014-05-07,2014,2,5,2013-08-19,1,0.72
378871709,43400739385,122650008,50012359,1,2015-02-01,2015,1,2,2012-02-23,1,2.94
685810741,35778363795,50022520,50016704,1,2014-01-11,2014,1,1,2013-03-22,1,0.81
735319921,16851632381,28,50015841,1,2013-03-10,2013,1,3,2012-10-01,1,0.44
136517419,4869579038,50014815,50012777,1,2014-06-17,2014,2,6,2012-07-12,1,1.93
40183850,20975155801,38,50018614,5,2013-11-08,2013,4,11,2012-06-11,1,1.41
71241931,25928316853,28,50015146,1,2014-06-09,2014,2,6,2011-08-31,1,2.78
1567601,12465395269,50022520,50016704,1,2012-07-18,2012,3,7,2012-07-07,0,0.03
62789705,18471814723,50014815,50010236,1,2014-03-08,2014,1,3,2013-11-11,0,0.32
486503874,16025509834,38,211122,1,2013-07-20,2013,3,7,2012-09-10,1,0.86
129972565,20758892871,28,50011993,1,2012-12-20,2012,4,12,2011-01-22,0,1.91
1924473311,20803900387,50022520,50006032,1,2014-08-15,2014,3,8,2014-04-16,0,0.33
73927336,38023071537,50008168,50010536,1,2014-04-06,2014,2,4,2011-10-15,1,2.48
2186831536,38380559230,28,50023531,1,2014-10-08,2014,4,10,2014-05-19,1,0.39
10502300,13447157946,50008168,50010555,1,2012-12-04,2012,4,12,2012-05-04,0,0.59
723449270,15455377491,28,50011993,1,2014-06-02,2014,2,6,2010-10-03,0,3.67
682354444,22424383310,50014815,50018831,1,2014-12-01,2014,4,12,2014-06-05,1,0.49
737930496,40405521372,50014815,50012431,1,2014-08-29,2014,3,8,2014-05-15,1,0.29
1711109878,22996052320,50008168,50013636,1,2015-01-15,2015,1,1,2012-08-23,0,2.4
224653845,21199179062,50008168,50012451,1,2013-09-22,2013,3,9,2011-11-14,1,1.86
829440261,41878489605,50014815,50018831,2,2014-12-02,2014,4,12,2013-12-18,0,0.96
1978481429,37359277254,50014815,121434042,1,2014-07-04,2014,3,7,2013-08-29,1,0.85
674451014,15172512114,28,50014250,2,2014-01-10,2014,1,1,2011-01-15,0,2.99
602646492,41909727679,50014815,50009550,1,2014-12-12,2014,4,12,2013-07-12,1,1.42
280347691,14459780250,50022520,50016704,1,2013-06-15,2013,2,6,2013-04-06,0,0.19
870525985,37163034185,50014815,50018831,1,2014-10-05,2014,4,10,2014-09-03,0,0.09
55867871,38258666401,50008168,50010558,1,2014-04-30,2014,2,4,2012-06-23,1,1.85
12631429,7668402786,50014815,50012471,1,2014-07-07,2014,3,7,2013-04-08,1,1.25
750833184,37665648092,50008168,50010557,1,2014-04-23,2014,2,4,2010-11-04,0,3.47
62380766,14836460759,28,50014129,1,2012-12-05,2012,4,12,2012-03-13,1,0.73
37613228,22205176670,50014815,50018831,1,2013-10-12,2013,4,10,2012-03-21,0,1.56
1023634940,16297650924,50008168,50146022,1,2013-03-04,2013,1,3,2011-12-28,0,1.18
23779676,35815090306,50008168,50012451,1,2013-11-11,2013,4,11,2010-01-09,1,3.84
2176939646,37616480055,50014815,50012458,1,2014-11-11,2014,4,11,2014-01-10,1,0.84
672166297,15781119704,122650008,50012360,1,2013-12-03,2013,4,12,2013-10-24,1,0.11
53224585,25781688035,50014815,50009542,1,2013-06-21,2013,2,6,2011-06-03,0,2.05
43241697,19671833975,122650008,50012367,1,2014-02-13,2014,1,2,2012-05-12,0,1.76
898630655,38066384082,50008168,50010558,9,2014-06-06,2014,2,6,2012-11-02,1,1.59
1771335722,37777584394,122650008,50012367,1,2014-03-21,2014,1,3,2012-08-08,1,1.62
191994688,18824675650,28,50012788,1,2014-07-15,2014,3,7,2013-03-19,1,1.32
783771062,18753199528,50014815,50012485,1,2014-04-11,2014,2,4,2012-10-05,0,1.52
709021222,41601299670,50008168,50010566,1,2014-12-10,2014,4,12,2012-11-01,1,2.11
509990590,14995199480,50014815,50012548,1,2014-06-02,2014,2,6,2014-04-04,1,0.16
53538638,39574997596,50008168,121408024,1,2014-09-09,2014,3,9,2013-11-06,1,0.84
358097309,35594492739,28,50007140,1,2015-01-21,2015,1,1,2013-09-15,1,1.35
113093326,16192594477,28,50006094,1,2013-05-27,2013,2,5,2012-11-26,1,0.5
728844788,16908779573,50008168,121394024,1,2014-10-15,2014,4,10,2014-05-27,0,0.39
1671080225,18695694565,50008168,50010555,1,2014-04-28,2014,2,4,2014-03-09,0,0.14
53917099,35857424331,50008168,50012451,1,2013-11-13,2013,4,11,2011-09-21,0,2.15
155835737,40249904427,50014815,50012431,1,2014-09-27,2014,3,9,2014-06-15,1,0.28
1089343761,41449997544,50008168,50013636,1,2014-10-09,2014,4,10,2013-12-05,0,0.84
129162752,12757496000,50008168,50010566,1,2013-05-22,2013,2,5,2010-11-13,0,2.52
139491685,35103787688,28,50023722,1,2013-10-31,2013,4,10,2012-05-03,1,1.5
2391404843,40200591008,50008168,50010555,1,2015-01-10,2015,1,1,2014-09-16,1,0.32
134536342,18519472878,50014815,50018831,1,2012-09-12,2012,3,9,2012-05-21,0,0.31
332182758,14281728685,50022520,50006032,1,2012-12-21,2012,4,12,2012-07-14,1,0.44
316263477,20742820532,38,211122,1,2012-11-11,2012,4,11,2011-07-17,1,1.32
883771195,3720949076,38,211122,2,2013-08-20,2013,3,8,2012-07-11,1,1.11
105361095,17973523949,50014815,50018831,1,2013-01-28,2013,1,1,2013-01-16,1,0.03
71726532,38898923007,50008168,121466023,1,2014-07-09,2014,3,7,2011-05-15,0,3.15
59265016,22117023208,50014815,50018831,6,2013-12-26,2013,4,12,2013-02-15,1,0.86
51103674,20437260826,28,50007140,1,2013-05-01,2013,2,5,2011-08-17,0,1.71
1890948217,40622218547,50008168,121394024,1,2014-09-18,2014,3,9,2013-09-17,0,1.0
371646807,40340954604,50008168,50010555,1,2014-12-27,2014,4,12,2014-09-15,1,0.28
1132472679,35324195853,50014815,50018831,1,2015-01-31,2015,1,1,2014-10-30,0,0.25
104211743,36115296871,38,50018824,2,2013-12-04,2013,4,12,2013-02-19,0,0.79
381275366,35049183686,50014815,50014744,1,2013-11-11,2013,4,11,2013-07-09,0,0.34
643563115,40568847479,50008168,50010549,1,2014-12-12,2014,4,12,2011-08-08,1,3.35
54366478,25194340028,28,50023531,1,2015-01-23,2015,1,1,2010-12-10,1,4.12
128693368,16317457631,50008168,50006602,1,2013-07-20,2013,3,7,2010-07-20,0,3.0
54451652,19556758674,50008168,50006602,1,2014-12-30,2014,4,12,2010-06-02,0,4.58
549274183,37038024448,50014815,50018831,1,2014-12-09,2014,4,12,2012-09-28,0,2.2
259538915,19545202238,38,50018825,40,2014-02-18,2014,1,2,2012-04-23,0,1.82
571159301,40021926193,50014815,50014278,1,2014-08-22,2014,3,8,2011-07-20,1,3.09
651493549,36506672264,28,50023692,1,2014-02-21,2014,1,2,2011-11-08,1,2.29
606918860,10837123744,38,50018855,1,2013-06-23,2013,2,6,2012-06-27,0,0.99
644854097,35461440284,50014815,50018831,1,2014-06-17,2014,2,6,2014-03-18,0,0.25
36789289,17884536890,50022520,50016704,1,2013-12-30,2013,4,12,2013-06-11,0,0.55
82413736,19047913391,28,50023661,1,2014-07-27,2014,3,7,2011-09-20,0,2.85
156942952,37715622717,50022520,121414042,1,2014-06-14,2014,2,6,2013-12-27,0,0.46
98425070,40430138951,50008168,50007011,1,2014-12-12,2014,4,12,2014-01-27,1,0.87
422641140,16012394220,28,50007140,1,2012-09-27,2012,3,9,2012-08-20,1,0.1
168252385,36374695899,50008168,50007011,1,2014-01-21,2014,1,1,2013-01-27,1,0.98
73973378,26396504540,28,50013078,1,2014-01-21,2014,1,1,2012-04-04,0,1.8
260087412,37438845897,50014815,50018831,1,2014-04-11,2014,2,4,2013-03-09,0,1.09
292966044,16981151324,50008168,50010549,1,2012-11-11,2012,4,11,2010-09-16,1,2.16
67828543,14922603690,50008168,121448025,1,2014-09-16,2014,3,9,2012-12-27,1,1.72
33062883,37219507191,50008168,50013207,1,2014-05-09,2014,2,5,2010-08-14,1,3.74
75343881,17908085498,50008168,50013636,1,2013-04-13,2013,2,4,2012-02-25,0,1.13
107865814,8178914719,28,50023777,1,2014-05-29,2014,2,5,2012-06-20,1,1.94
157720562,22257223300,50014815,50009547,1,2015-01-24,2015,1,1,2014-08-31,0,0.4
779336988,19058008657,50008168,50012451,1,2012-09-07,2012,3,9,2010-03-10,1,2.5
664444918,40719234627,50008168,50010558,1,2014-09-20,2014,3,9,2011-09-27,1,2.98
1862594497,17150876686,28,50023670,1,2013-12-18,2013,4,12,2010-01-05,0,3.95
718858754,24395160617,50008168,50013636,1,2013-05-13,2013,2,5,2011-10-15,1,1.58
83359531,25168468921,50014815,50009540,1,2013-07-26,2013,3,7,2011-02-05,1,2.47
26629842,41721177698,50008168,50010544,1,2014-12-12,2014,4,12,2013-11-24,0,1.05
838547338,24881140136,50008168,50010558,1,2013-06-07,2013,2,6,2012-12-18,0,0.47
367595379,24285048902,50008168,50012451,1,2014-02-27,2014,1,2,2010-09-23,1,3.43
102571912,14243394387,50008168,50006602,1,2012-08-02,2012,3,8,2010-11-16,0,1.71
799287214,24289020782,50014815,50014274,1,2013-06-25,2013,2,6,2012-08-13,0,0.87
20087991,37848480268,50022520,50016706,1,2014-06-01,2014,2,6,2010-08-08,0,3.82
515908401,40106626875,50008168,50013207,1,2014-08-08,2014,3,8,2011-07-14,0,3.07
279787751,37469126057,28,50023715,1,2014-03-20,2014,1,3,2013-09-14,1,0.51
403168768,38978433711,50014815,50018831,1,2014-07-19,2014,3,7,2013-12-17,0,0.59
714919791,12605082527,50014815,50228021,1,2013-01-11,2013,1,1,2012-03-16,1,0.82
733070564,42557673678,50008168,50010549,1,2015-01-17,2015,1,1,2014-12-17,1,0.08
87526273,19733405881,50008168,50013636,1,2013-11-26,2013,4,11,2010-11-01,0,3.07
272757969,43352070226,50008168,50010544,1,2015-01-21,2015,1,1,2011-02-24,0,3.91
1817973372,15283087345,28,50016454,1,2014-08-03,2014,3,8,2012-02-23,1,2.44
131802832,37536988312,50008168,50013207,1,2014-09-20,2014,3,9,2012-04-05,1,2.46
504846829,43161044611,50014815,50012564,5,2015-01-19,2015,1,1,2013-10-24,1,1.24
124333754,4347434860,38,50018824,1,2014-10-21,2014,4,10,2014-03-23,1,0.58
47742510,13518730030,50022520,121398035,1,2014-10-19,2014,4,10,2014-07-27,0,0.23
112175464,39475654625,28,50008845,1,2014-07-29,2014,3,7,2014-01-01,0,0.57
1672630998,36962807964,50008168,50006602,3,2014-03-25,2014,1,3,2014-03-02,1,0.06
442973445,8949249584,28,50023663,1,2013-11-13,2013,4,11,2013-05-20,1,0.48
274379633,41639051049,28,50013881,1,2015-01-18,2015,1,1,2014-06-27,1,0.56
633734925,35723840617,50014815,50010236,1,2014-01-17,2014,1,1,2012-03-24,0,1.82
1822398971,41617854706,38,211122,1,2014-10-22,2014,4,10,2013-05-08,0,1.46
217491793,40733937812,28,50023777,1,2014-11-11,2014,4,11,2013-02-10,0,1.75
52971251,14733059304,50008168,50012449,1,2014-02-26,2014,1,2,2013-06-17,0,0.7
299196791,38217159047,28,50013187,26,2014-05-21,2014,2,5,2014-03-31,0,0.14
224292962,18387768742,50014815,50228021,3,2015-01-20,2015,1,1,2012-12-13,1,2.1
1577585731,19799317492,50008168,50010558,1,2014-01-06,2014,1,1,2013-03-21,0,0.8
1836568285,41204717346,50008168,50010566,1,2014-10-19,2014,4,10,2011-11-23,0,2.91
517793335,16719576868,38,50006843,2,2012-07-10,2012,3,7,2011-07-10,1,1.0
31465015,15284214987,28,50006823,1,2013-12-02,2013,4,12,2012-06-01,1,1.5
401026519,20175111454,28,50015841,1,2013-06-04,2013,2,6,2011-03-20,0,2.21
58463787,35348722557,28,203527,1,2013-10-26,2013,4,10,2010-09-28,1,3.08
126581934,17509603102,50008168,50010544,1,2012-12-08,2012,4,12,2011-05-19,0,1.56
1070284684,26778408178,50008168,50013207,1,2013-09-27,2013,3,9,2011-12-29,0,1.75
67985523,20193534613,50014815,50014271,1,2014-01-02,2014,1,1,2012-07-13,0,1.47
1076986436,15117929670,50008168,50013636,1,2013-05-29,2013,2,5,2012-03-20,0,1.19
1052158519,25605368474,28,50023637,1,2014-01-14,2014,1,1,2012-03-29,0,1.8
468484747,14659086347,50008168,50010558,1,2013-05-20,2013,2,5,2011-05-31,1,1.97
62879667,35633055239,50008168,121394024,1,2014-12-12,2014,4,12,2011-12-05,0,3.02
54925736,12310877181,50008168,50006602,1,2013-10-19,2013,4,10,2013-04-28,0,0.48
296255521,35594754309,122650008,50012365,2,2014-01-12,2014,1,1,2012-09-15,0,1.33
379910739,12881672070,50008168,50012451,2,2012-09-04,2012,3,9,2011-02-26,0,1.52
685332320,12781785338,50014815,50018831,2,2013-06-01,2013,2,6,2012-02-23,0,1.27
389326420,17164967407,28,50006820,1,2014-09-16,2014,3,9,2013-07-17,0,1.17
1372572,16915013171,28,50008845,1,2013-03-27,2013,1,3,2012-01-30,1,1.16
54855720,39635136808,50014815,50018436,2,2014-09-13,2014,3,9,2013-01-28,0,1.62
